"purity","vmeasure","batch_number"
1,1,1
1,1,2
1,1,3
1,1,4
0.995,0.959565905698885,5
1,1,6
1,1,7
1,1,8
0.995,0.959565905698885,9
1,1,10
1,1,11
1,1,12
1,1,13
1,1,14
1,1,15
1,1,16
1,1,17
1,1,18
1,1,19
1,1,20
1,1,21
1,1,22
1,1,23
1,1,24
1,1,25
1,1,26
1,1,27
1,1,28
1,1,29
1,1,30
1,1,31
1,1,32
1,1,33
1,1,34
1,1,35
1,1,36
1,1,37
0.995,0.959565905698885,38
1,1,39
1,1,40
1,1,41
1,1,42
1,1,43
1,1,44
1,1,45
1,1,46
1,1,47
1,1,48
1,1,49
0.5,0,50
0.5,0,51
0.5,0,52
0.5,0,53
1,1,54
1,1,55
1,1,56
1,1,57
1,1,58
1,1,59
1,1,60
1,1,61
1,1,62
1,1,63
1,1,64
1,1,65
1,1,66
1,1,67
1,1,68
1,1,69
1,1,70
1,1,71
1,1,72
1,1,73
1,1,74
1,1,75
1,1,76
1,1,77
1,1,78
1,1,79
1,1,80
1,1,81
1,1,82
1,1,83
1,1,84
1,1,85
1,1,86
1,1,87
1,1,88
1,1,89
1,1,90
1,1,91
0.995,0.959565905698885,92
0.995,0.959565905698885,93
0.995,0.959565905698885,94
0.995,0.959565905698885,95
0.98,0.878206370275628,96
0.99,0.929125223854907,97
0.98,0.878206370275628,98
0.99,0.929125223854907,99
0.98,0.878206370275628,100
0.99,0.929125223854907,101
0.985,0.902447745155178,102
0.99,0.929125223854907,103
0.975,0.855769356199853,104
0.98,0.878206370275628,105
0.98,0.878206370275628,106
0.97,0.834763658707512,107
0.985,0.902447745155178,108
0.97,0.834763658707512,109
0.98,0.878206370275628,110
0.91,0.644029137310231,111
0.925,0.68436284009563,112
0.85,0.510243271314823,113
0.905,0.631335011527646,114
0.915,0.657081523142653,115
0.905,0.631335011527646,116
0.86,0.530151068196331,117
0.86,0.530151068196331,118
0.875,0.561589636563919,119
0.89,0.595191298235979,120
0.88,0.572533046963643,121
0.905,0.631335011527646,122
0.85,0.510243271314823,123
0.88,0.572533046963643,124
0.85,0.510243271314823,125
0.85,0.510243271314823,126
0.9,0.618977004017456,127
0.89,0.595191298235979,128
0.885,0.583728971701862,129
0.86,0.530151068196331,130
0.93,0.698650799163015,131
0.86,0.530151068196331,132
0.83,0.472620803311967,133
0.87,0.550885931525912,134
0.87,0.550885931525912,135
0.865,0.540410077356874,136
0.855,0.520098655874549,137
0.855,0.520098655874549,138
0.915,0.657081523142653,139
0.84,0.491088303422743,140
0.825,0.463626455634785,141
0.87,0.550885931525912,142
0.895,0.606935138761001,143
0.885,0.583728971701862,144
0.9,0.618977004017456,145
0.865,0.540410077356874,146
0.86,0.530151068196331,147
0.88,0.572533046963643,148
0.91,0.644029137310231,149
0.88,0.572533046963643,150
