"purity","vmeasure","batch_number"
1,1,1
1,1,2
1,1,3
1,1,4
1,1,5
1,1,6
1,1,7
1,1,8
1,1,9
1,1,10
1,1,11
1,1,12
1,1,13
1,1,14
1,1,15
1,1,16
1,1,17
1,1,18
1,1,19
1,1,20
1,1,21
1,1,22
1,1,23
1,1,24
1,1,25
1,1,26
1,1,27
1,1,28
1,1,29
1,1,30
1,1,31
1,1,32
1,1,33
1,1,34
1,1,35
1,1,36
1,1,37
1,1,38
1,1,39
1,1,40
1,1,41
1,1,42
1,1,43
1,1,44
1,1,45
1,1,46
1,1,47
1,1,48
1,1,49
1,1,50
1,1,51
1,1,52
1,1,53
1,1,54
1,1,55
1,1,56
1,1,57
1,1,58
1,1,59
1,1,60
1,1,61
1,1,62
1,1,63
1,1,64
1,1,65
1,1,66
1,1,67
1,1,68
1,1,69
1,1,70
1,1,71
1,1,72
1,1,73
1,1,74
1,1,75
1,1,76
1,1,77
1,1,78
1,1,79
1,1,80
1,1,81
1,1,82
1,1,83
1,1,84
1,1,85
1,1,86
1,1,87
1,1,88
1,1,89
1,1,90
1,1,91
1,1,92
1,1,93
1,1,94
1,1,95
0.765,0.37856332474169,96
0.855,0.515703857434484,97
0.82,0.462841840491081,98
0.76,0.344961921897545,99
0.845,0.50210163404678,100
0.85,0.513456962895907,101
0.85,0.507651924926278,102
0.915,0.657875000387685,103
0.825,0.463626455634785,104
0.755,0.349286120716463,105
0.72,0.30550659030308,106
0.895,0.606935138761001,107
0.835,0.479848597481542,108
0.79,0.400293583398438,109
0.735,0.292281298434859,110
0.77,0.37756100067022,111
0.715,0.317153887097,112
0.785,0.385210401698918,113
0.9,0.619723697117366,114
0.85,0.512333034050204,115
0.81,0.432498549400916,116
0.9,0.618058542552567,117
0.81,0.447166004014949,118
0.89,0.596761897763491,119
0.84,0.48484460328592,120
0.9,0.618539452288872,121
0.95,0.757796282059196,122
0.865,0.52253987048364,123
0.805,0.434108136765282,124
0.83,0.473534734955076,125
0.865,0.535473505187714,126
0.84,0.483584447033398,127
0.905,0.63093024997639,128
0.88,0.574997576716829,129
0.885,0.585071623775117,130
0.815,0.436899730498637,131
0.86,0.528642461601121,132
0.96,0.795352849792357,133
0.915,0.651850595998394,134
0.885,0.586401579917427,135
0.875,0.558016647175241,136
0.89,0.595651246094966,137
0.94,0.726207130733895,138
0.925,0.68049145273905,139
0.82,0.453719932763149,140
0.75,0.357990556327917,141
0.71,0.297833715141584,142
0.74,0.334505629550349,143
0.7,0.276928492953354,144
0.79,0.391652003032545,145
0.845,0.50649318428565,146
0.68,0.260270274379597,147
0.715,0.296824046248778,148
0.71,0.283358245026594,149
0.795,0.384831854163376,150
