"purity","vmeasure","batch_number"
1,1,1
1,1,2
1,1,3
1,1,4
1,1,5
1,1,6
1,1,7
1,1,8
1,1,9
1,1,10
1,1,11
1,1,12
1,1,13
1,1,14
1,1,15
1,1,16
1,1,17
1,1,18
1,1,19
1,1,20
1,1,21
1,1,22
1,1,23
1,1,24
1,1,25
1,1,26
1,1,27
1,1,28
1,1,29
1,1,30
1,1,31
1,1,32
1,1,33
1,1,34
1,1,35
1,1,36
1,1,37
1,1,38
1,1,39
1,1,40
1,1,41
1,1,42
1,1,43
1,1,44
1,1,45
1,1,46
1,1,47
1,1,48
1,1,49
1,1,50
1,1,51
1,1,52
1,1,53
1,1,54
1,1,55
1,1,56
1,1,57
1,1,58
1,1,59
1,1,60
1,1,61
1,1,62
1,1,63
1,1,64
1,1,65
1,1,66
1,1,67
1,1,68
1,1,69
1,1,70
1,1,71
1,1,72
1,1,73
1,1,74
1,1,75
1,1,76
1,1,77
1,1,78
1,1,79
1,1,80
1,1,81
1,1,82
1,1,83
0.625,0.197728856052892,84
0.605,0.16121434802764,85
0.625,0.158553263464801,86
1,1,87
0.76,0.353148317414683,88
1,1,89
1,1,90
1,1,91
1,1,92
1,1,93
1,1,94
0.905,0.63093024997639,95
0.745,0.341472965866062,96
0.825,0.459169986414428,97
0.795,0.411315711224682,98
0.765,0.371460702671285,99
0.855,0.524623358706959,100
0.775,0.388451838309148,101
0.835,0.477678950722928,102
0.78,0.39142300276765,103
0.745,0.354530970670798,104
0.7,0.261545820369983,105
0.635,0.197810353292327,106
0.705,0.2993655811638,107
0.775,0.379516785779148,108
0.705,0.278957000138376,109
0.84,0.486040028720358,110
0.72,0.307356844528581,111
0.67,0.226701472449814,112
0.705,0.256245601518968,113
0.665,0.23974580761471,114
0.715,0.287843714385781,115
0.61,0.183496428888839,116
0.615,0.123676836912514,117
0.75,0.324492890384385,118
0.725,0.32542645824741,119
0.705,0.2595213675024,120
0.72,0.292416256478513,121
0.74,0.334505629550349,122
0.68,0.260270274379597,123
0.82,0.441095025033352,124
0.74,0.306163489825183,125
0.72,0.307356844528581,126
0.675,0.236382268359832,127
0.69,0.279760048250802,128
0.685,0.252350685069707,129
0.72,0.278569088451336,130
0.655,0.232525461800444,131
0.655,0.199603332947501,132
0.715,0.292534713215438,133
0.72,0.284460684719977,134
0.6,0.175232940102444,135
0.73,0.31723342370931,136
0.725,0.283044608508451,137
0.64,0.226344715450187,138
0.775,0.376288779511676,139
0.765,0.360772811093596,140
0.795,0.417107392768531,141
0.855,0.508467320382367,142
0.7,0.285107691869528,143
0.68,0.267899611779912,144
0.715,0.287843714385781,145
0.81,0.44505804583552,146
0.76,0.362861121865031,147
0.79,0.410226990720107,148
0.86,0.521589728910174,149
0.66,0.238413591562211,150
