"purity","vmeasure","batch_number"
1,1,1
1,1,2
1,1,3
1,1,4
1,1,5
1,1,6
1,1,7
1,1,8
1,1,9
1,1,10
1,1,11
1,1,12
1,1,13
1,1,14
1,1,15
1,1,16
1,1,17
1,1,18
1,1,19
1,1,20
1,1,21
1,1,22
1,1,23
1,1,24
1,1,25
1,1,26
1,1,27
1,1,28
1,1,29
1,1,30
1,1,31
1,1,32
1,1,33
1,1,34
1,1,35
1,1,36
1,1,37
1,1,38
1,1,39
1,1,40
1,1,41
1,1,42
1,1,43
1,1,44
1,1,45
1,1,46
1,1,47
1,1,48
1,1,49
1,1,50
1,1,51
1,1,52
1,1,53
1,1,54
1,1,55
1,1,56
1,1,57
1,1,58
1,1,59
1,1,60
1,1,61
1,1,62
1,1,63
1,1,64
1,1,65
1,1,66
1,1,67
1,1,68
1,1,69
1,1,70
1,1,71
1,1,72
1,1,73
1,1,74
1,1,75
1,1,76
1,1,77
1,1,78
1,1,79
1,1,80
1,1,81
1,1,82
1,1,83
1,1,84
1,1,85
1,1,86
1,1,87
1,1,88
1,1,89
1,1,90
1,1,91
1,1,92
1,1,93
1,1,94
1,1,95
1,1,96
1,1,97
1,1,98
1,1,99
1,1,100
1,1,101
1,1,102
1,1,103
1,1,104
0.72,0.309118899233473,105
1,1,106
1,1,107
1,1,108
1,1,109
0.79,0.383194755820361,110
0.795,0.413837505418413,111
0.85,0.493410480744455,112
1,1,113
1,1,114
1,1,115
1,1,116
0.88,0.570656629697979,117
0.95,0.761245321666658,118
0.895,0.607362022178829,119
0.825,0.461526670367903,120
0.84,0.494072047560797,121
0.75,0.341942958334957,122
0.74,0.331167585949718,123
0.765,0.356983930131492,124
0.74,0.338905292176403,125
0.73,0.306731813353668,126
0.685,0.262141287365037,127
0.68,0.251056561236361,128
1,1,129
0.885,0.581964210415669,130
0.81,0.424598422320765,131
1,1,132
0.845,0.49785805945083,133
1,1,134
0.855,0.524623358706959,135
0.695,0.230206324861522,136
0.815,0.439872973500624,137
0.77,0.373371728176049,138
0.735,0.313977999550573,139
0.845,0.490777553407177,140
0.805,0.434108136765282,141
0.945,0.743378497857635,142
0.91,0.644907594225661,143
0.81,0.442322905078277,144
0.895,0.605948125671478,145
0.89,0.597475794021173,146
0.795,0.414994622161616,147
0.76,0.361441082732748,148
0.83,0.470609724182672,149
0.78,0.400659238878814,150
